vendor_key,vendor_name,total_orders,avg_lead_time,total_sales
1,Vendor A,2603,3.964656165962351,584687.0972
2,Vendor B,2449,3.9158840342997143,603316.44
3,Vendor C,2410,3.978423236514523,582018.3736
4,Vendor D,2532,3.9731437598736177,527178.9495
